id,measurement,replicate,value,sample_notes,flag
20240320_Harvell Dam,air_temperature,1,13.8,,
20240320_Harvell Dam,water_temperature,1,14.1,,
20240320_Harvell Dam,pH,1,7.81,,
20240320_Harvell Dam,do_percent,1,110,,
20240320_Harvell Dam,do_mgl,1,13.31,,
20240320_Harvell Dam,turbidity,1,25.5,,
20240320_Harvell Dam,total_Ecoli,1,4,,
20240320_Harvell Dam,total_Ecoli,2,5,,
20240320_Harvell Dam,total_coliform,1,1,,
20240320_Harvell Dam,total_coliform,2,0,,
20240320_Fleets Branch,air_temperature,1,13.8,,
20240320_Fleets Branch,water_temperature,1,15.1,,
20240320_Fleets Branch,pH,1,9.28,,
20240320_Fleets Branch,do_percent,1,114.8,,
20240320_Fleets Branch,do_mgl,1,11.55,,
20240320_Fleets Branch,turbidity,1,4.5,,
20240320_Fleets Branch,total_Ecoli,1,,,
20240320_Fleets Branch,total_Ecoli,2,,,
20240320_Fleets Branch,total_coliform,1,,,
20240320_Fleets Branch,total_coliform,2,,,
20240320_Rapids Site,air_temperature,1,13.8,,
20240320_Rapids Site,water_temperature,1,14.7,,
20240320_Rapids Site,pH,1,7.65,,
20240320_Rapids Site,do_percent,1,107.6,,
20240320_Rapids Site,do_mgl,1,10.92,,
20240320_Rapids Site,turbidity,1,25.8,,
20240320_Rapids Site,total_Ecoli,1,,,
20240320_Rapids Site,total_Ecoli,2,,,
20240320_Rapids Site,total_coliform,1,,,
20240320_Rapids Site,total_coliform,2,,,
20240320_Tidal Site,air_temperature,1,13.8,,
20240320_Tidal Site,water_temperature,1,14.7,,
20240320_Tidal Site,pH,1,7.52,,
20240320_Tidal Site,do_percent,1,97.4,,
20240320_Tidal Site,do_mgl,1,9.94,,
20240320_Tidal Site,turbidity,1,25.4,,
20240320_Tidal Site,total_Ecoli,1,,,
20240320_Tidal Site,total_Ecoli,2,,,
20240320_Tidal Site,total_coliform,1,,,
20240320_Tidal Site,total_coliform,2,,,
20240403_Willcox Dam,air_temperature,,25.1,rain in the AM; more rain on the way,
20240403_Willcox Dam,water_temperature ,1,16.6,tornado warning; temperature drop with coming rain,
20240403_Willcox Dam,water_temperature ,2,16.7,,
20240403_Willcox Dam,pH,1,7.42,,
20240403_Willcox Dam,pH,2,7.24,,
20240403_Willcox Dam,do_percent,1,90,,
20240403_Willcox Dam,do_percent,2,97.9,,
20240403_Willcox Dam,do_mgl,1,8.75,,
20240403_Willcox Dam,do_mgl,2,9.53,,
20240403_Willcox Dam,turbidity,1,21.4,,
20240403_Willcox Dam,turbidity,2,22.1,,
20240403_Willcox Dam,total_Ecoli,1,1,,
20240403_Willcox Dam,total_Ecoli,2,1,,
20240403_Willcox Dam,total_coliform,1,0,,
20240403_Willcox Dam,total_coliform,2,1,,
20240403_Brickhouse Run,air_temperature,1,24.1,,
20240403_Brickhouse Run,air_temperature,2,19,,
20240403_Brickhouse Run,water_temperature,1,16.7,,
20240403_Brickhouse Run,water_temperature,2,16.7,,
20240403_Brickhouse Run,pH,1,7.37,,
20240403_Brickhouse Run,pH,2,7.37,,
20240403_Brickhouse Run,do_percent,1,89.3,,
20240403_Brickhouse Run,do_percent,2,89.4,,
20240403_Brickhouse Run,do_mgl,1,8.69,,
20240403_Brickhouse Run,do_mgl,2,8.7,,
20240403_Brickhouse Run,turbidity,1,9.89,,
20240403_Brickhouse Run,turbidity,2,9.4,,
20240403_Brickhouse Run,total_Ecoli,1,5,,
20240403_Brickhouse Run,total_Ecoli,2,8,,
20240403_Brickhouse Run,total_coliform,1,21,,
20240403_Brickhouse Run,total_coliform,2,24,,
20240410_Fleets Branch,air_temperature,1,26.8,,
20240410_Fleets Branch,air_temperature,2,27.7,,
20240410_Fleets Branch,water_temperature,1,18.7,,
20240410_Fleets Branch,water_temperature,2,18.7,,
20240410_Fleets Branch,pH,1,9.19,,
20240410_Fleets Branch,pH,2,9.19,,
20240410_Fleets Branch,do_percent,1,99,,
20240410_Fleets Branch,do_percent,2,98.4,,
20240410_Fleets Branch,do_mgl,1,9.24,,
20240410_Fleets Branch,do_mgl,2,9.2,,
20240410_Fleets Branch,turbidity,1,3.66,,
20240410_Fleets Branch,turbidity,2,3.77,,
20240410_Fleets Branch,total_Ecoli,1,4,,
20240410_Fleets Branch,total_Ecoli,2,2,,
20240410_Fleets Branch,total_coliform,1,7,,
20240410_Fleets Branch,total_coliform,2,7,,
20240410_Harvell Dam,air_temperature,1,24.1,,
20240410_Harvell Dam,air_temperature,2,23.7,,
20240410_Harvell Dam,water_temperature,1,16.1,river level low,
20240410_Harvell Dam,water_temperature,2,16.1,,
20240410_Harvell Dam,pH,1,7.84,,
20240410_Harvell Dam,pH,2,7.81,,
20240410_Harvell Dam,do_percent,1,91,,
20240410_Harvell Dam,do_percent,2,99.8,,
20240410_Harvell Dam,do_mgl,1,9.1,,
20240410_Harvell Dam,do_mgl,2,9.82,,
20240410_Harvell Dam,turbidity,1,16.4,,
20240410_Harvell Dam,turbidity,2,15.8,,
20240410_Harvell Dam,total_Ecoli,1,0,,
20240410_Harvell Dam,total_Ecoli,2,2,,
20240410_Harvell Dam,total_coliform,1,0,,
20240410_Harvell Dam,total_coliform,2,1,,
20240417_Fleets Branch,air_temperature,1,24.8,,
20240417_Fleets Branch,air_temperature,2,25.6,,
20240417_Fleets Branch,water_temperature,1,17.3,,
20240417_Fleets Branch,water_temperature,2,17.3,,
20240417_Fleets Branch,pH,1,7.89,,
20240417_Fleets Branch,pH,2,7.83,,
20240417_Fleets Branch,do_percent,1,85.3,,
20240417_Fleets Branch,do_percent,2,86.6,,
20240417_Fleets Branch,do_mgl,1,8.19,,
20240417_Fleets Branch,do_mgl,2,8.31,,
20240417_Fleets Branch,turbidity,1,2.67,,
20240417_Fleets Branch,turbidity,2,2.7,,
20240417_Fleets Branch,total_Ecoli,1,6,,
20240417_Fleets Branch,total_Ecoli,2,4,,
20240417_Fleets Branch,total_coliform,1,16,,
20240417_Fleets Branch,total_coliform,2,29,,
20240417_Harvell Dam,air_temperature,1,29.8,,
20240417_Harvell Dam,air_temperature,2,30.1,,
20240417_Harvell Dam,water_temperature,1,17.8,,
20240417_Harvell Dam,water_temperature,2,17.8,,
20240417_Harvell Dam,pH,1,7.9,,
20240417_Harvell Dam,pH,2,7.89,,
20240417_Harvell Dam,do_percent,1,97.6,,
20240417_Harvell Dam,do_percent,2,98.1,,
20240417_Harvell Dam,do_mgl,1,9.29,,
20240417_Harvell Dam,do_mgl,2,9.34,,
20240417_Harvell Dam,turbidity,1,9.62,,
20240417_Harvell Dam,turbidity,2,10.73,,
20240417_Harvell Dam,total_Ecoli,1,0,,
20240417_Harvell Dam,total_Ecoli,2,1,,
20240417_Harvell Dam,total_coliform,1,1,,
20240417_Harvell Dam,total_coliform,2,1,,
20240424_Fleets Branch,air_temperature,1,22.9,,
20240424_Fleets Branch,air_temperature,2,23.7,,
20240424_Fleets Branch,water_temperature,1,15.2,,
20240424_Fleets Branch,water_temperature,2,15.2,,
20240424_Fleets Branch,pH,1,7.69,,
20240424_Fleets Branch,pH,2,7.72,,
20240424_Fleets Branch,do_percent,1,95.9,,
20240424_Fleets Branch,do_percent,2,97.7,,
20240424_Fleets Branch,do_mgl,1,9.69,,
20240424_Fleets Branch,do_mgl,2,9.91,,
20240424_Fleets Branch,turbidity,1,2.42,,
20240424_Fleets Branch,turbidity,2,2.3,,
20240424_Fleets Branch,total_Ecoli,1,5,,
20240424_Fleets Branch,total_Ecoli,2,3,,
20240424_Fleets Branch,total_coliform,1,20,,
20240424_Fleets Branch,total_coliform,2,15,,
20240424_Harvell Dam,air_temperature,1,24.9,,
20240424_Harvell Dam,air_temperature,2,23,,
20240424_Harvell Dam,water_temperature,1,18.3,river level low,
20240424_Harvell Dam,water_temperature,2,18.4,,
20240424_Harvell Dam,pH,1,8.05,,
20240424_Harvell Dam,pH,2,8.05,,
20240424_Harvell Dam,do_percent,1,100.8,,
20240424_Harvell Dam,do_percent,2,105.5,,
20240424_Harvell Dam,do_mgl,1,9.5,,
20240424_Harvell Dam,do_mgl,2,9.91,,
20240424_Harvell Dam,turbidity,1,4.6,,
20240424_Harvell Dam,turbidity,2,4.33,,
20240424_Harvell Dam,total_Ecoli,1,1,,
20240424_Harvell Dam,total_Ecoli,2,1,,
20240424_Harvell Dam,total_coliform,1,2,,
20240424_Harvell Dam,total_coliform,2,1,,
20240425_Willcox Dam,air_temperature,1,21.6,,
20240425_Willcox Dam,air_temperature,2,22,,
20240425_Willcox Dam,water_temperature,1,19.1,,
20240425_Willcox Dam,water_temperature,2,19.1,,
20240425_Willcox Dam,pH,1,7.15,,
20240425_Willcox Dam,pH,2,7.16,,
20240425_Willcox Dam,do_percent,1,92.9,,
20240425_Willcox Dam,do_percent,2,93,,
20240425_Willcox Dam,do_mgl,1,8.61,,
20240425_Willcox Dam,do_mgl,2,8.62,,
20240425_Willcox Dam,turbidity,1,4.29,,
20240425_Willcox Dam,turbidity,2,4.35,,
20240425_Willcox Dam,total_Ecoli,1,0,,
20240425_Willcox Dam,total_Ecoli,2,0,,
20240425_Willcox Dam,total_coliform,1,1,,
20240425_Willcox Dam,total_coliform,2,2,,
20240425_Brickhouse Run,air_temperature,1,26.4,,
20240425_Brickhouse Run,air_temperature,2,23.2,,
20240425_Brickhouse Run,water_temperature,1,15.4,,
20240425_Brickhouse Run,water_temperature,2,15.3,,
20240425_Brickhouse Run,pH,1,7.48,,
20240425_Brickhouse Run,pH,2,7.49,,
20240425_Brickhouse Run,do_percent,1,90.8,,
20240425_Brickhouse Run,do_percent,2,94,,
20240425_Brickhouse Run,do_mgl,1,9.05,,
20240425_Brickhouse Run,do_mgl,2,9.44,,
20240425_Brickhouse Run,turbidity,1,2.93,,
20240425_Brickhouse Run,turbidity,2,2.76,,
20240425_Brickhouse Run,total_Ecoli,1,1,,
20240425_Brickhouse Run,total_Ecoli,2,0,,
20240425_Brickhouse Run,total_coliform,1,14,,
20240425_Brickhouse Run,total_coliform,2,12,,
20240501_Fleets Branch,air_temperature,1,24.7,,
20240501_Fleets Branch,air_temperature,2,25,,
20240501_Fleets Branch,water_temperature,1,18,,
20240501_Fleets Branch,water_temperature,2,18,,
20240501_Fleets Branch,pH,1,7.3,,
20240501_Fleets Branch,pH,2,7.29,,
20240501_Fleets Branch,do_percent,1,92.9,,Low oxygen readings needed to replace electolyte in ysi
20240501_Fleets Branch,do_percent,2,87.5,,Low oxygen readings needed to replace electolyte in ysi
20240501_Fleets Branch,do_mgl,1,8.9,,Low oxygen readings needed to replace electolyte in ysi
20240501_Fleets Branch,do_mgl,2,8.57,,Low oxygen readings needed to replace electolyte in ysi
20240501_Fleets Branch,turbidity,1,3.7,,
20240501_Fleets Branch,turbidity,2,3.46,,
20240501_Fleets Branch,total_Ecoli,1,1,,
20240501_Fleets Branch,total_Ecoli,2,8,,
20240501_Fleets Branch,total_coliform,1,1,,
20240501_Fleets Branch,total_coliform,2,8,,
20240501_Harvell Dam,air_temperature,1,23.7,,
20240501_Harvell Dam,air_temperature,2,23,,
20240501_Harvell Dam,water_temperature,1,20.1,,
20240501_Harvell Dam,water_temperature,2,20.6,,
20240501_Harvell Dam,pH,1,6.8,,
20240501_Harvell Dam,pH,2,6.76,,
20240501_Harvell Dam,do_percent,1,36,Low oxygen readings needed to replace electolyte in ysi,2
20240501_Harvell Dam,do_percent,2,31,Low oxygen readings needed to replace electolyte in ysi,2
20240501_Harvell Dam,do_mgl,1,3.1,Low oxygen readings needed to replace electolyte in ysi,2
20240501_Harvell Dam,do_mgl,2,2.8,Low oxygen readings needed to replace electolyte in ysi,2
20240501_Harvell Dam,turbidity,1,6.63,,
20240501_Harvell Dam,turbidity,2,6.01,,
20240501_Harvell Dam,total_Ecoli,1,4,,
20240501_Harvell Dam,total_Ecoli,2,1,,
20240501_Harvell Dam,total_coliform,1,4,,
20240501_Harvell Dam,total_coliform,2,1,,
20240508_Fleets Branch,air_temperature,1,34.5,,
20240508_Fleets Branch,air_temperature,2,33,,
20240508_Fleets Branch,water_temperature,1,21.2,,
20240508_Fleets Branch,water_temperature,2,21.2,,
20240508_Fleets Branch,pH,1,7.18,,
20240508_Fleets Branch,pH,2,7.27,,
20240508_Fleets Branch,do_percent,1,77.9,,Low oxygen readings needed to replace electolyte in ysi
20240508_Fleets Branch,do_percent,2,77.5,,Low oxygen readings needed to replace electolyte in ysi
20240508_Fleets Branch,do_mgl,1,6.96,,Low oxygen readings needed to replace electolyte in ysi
20240508_Fleets Branch,do_mgl,2,6.71,,Low oxygen readings needed to replace electolyte in ysi
20240508_Fleets Branch,turbidity,1,7.12,,
20240508_Fleets Branch,turbidity,2,7.91,,
20240508_Fleets Branch,total_Ecoli,1,36,,
20240508_Fleets Branch,total_Ecoli,2,45,,
20240508_Fleets Branch,total_coliform,1,36,,
20240508_Fleets Branch,total_coliform,2,45,,
20240508_Harvell Dam,air_temperature,1,28.8,,
20240508_Harvell Dam,air_temperature,2,43.6,,
20240508_Harvell Dam,water_temperature,1,23.8,,
20240508_Harvell Dam,water_temperature,2,24.1,,
20240508_Harvell Dam,pH,1,6.65,,
20240508_Harvell Dam,pH,2,7.7,,
20240508_Harvell Dam,do_percent,1,80.5,,Low oxygen readings needed to replace electolyte in ysi
20240508_Harvell Dam,do_percent,2,89.9,,Low oxygen readings needed to replace electolyte in ysi
20240508_Harvell Dam,do_mgl,1,6.8,,Low oxygen readings needed to replace electolyte in ysi
20240508_Harvell Dam,do_mgl,2,7.48,,Low oxygen readings needed to replace electolyte in ysi
20240508_Harvell Dam,turbidity,1,5.76,,
20240508_Harvell Dam,turbidity,2,10.69,,
20240508_Harvell Dam,total_Ecoli,1,22,,
20240508_Harvell Dam,total_Ecoli,2,9,,
20240508_Harvell Dam,total_coliform,1,22,,
20240508_Harvell Dam,total_coliform,2,9,,
20240523_Fleets Branch,air_temperature,1,28.7,,
20240523_Fleets Branch,air_temperature,2,28.7,,
20240523_Fleets Branch,water_temperature,1,20,,
20240523_Fleets Branch,water_temperature,2,20,,
20240523_Fleets Branch,pH,1,7.41,,
20240523_Fleets Branch,pH,2,7.41,,
20240523_Fleets Branch,do_percent,1,89.3,,
20240523_Fleets Branch,do_percent,2,89.6,,
20240523_Fleets Branch,do_mgl,1,8.12,,
20240523_Fleets Branch,do_mgl,2,8.14,,
20240523_Fleets Branch,turbidity,1,5.24,,
20240523_Fleets Branch,turbidity,2,5.33,,
20240523_Fleets Branch,total_Ecoli,1,3,data entry on hard copy for wrong site,
20240523_Fleets Branch,total_Ecoli,2,2,data entry on hard copy for wrong site,
20240523_Fleets Branch,total_coliform,1,6,data entry on hard copy for wrong site,
20240523_Fleets Branch,total_coliform,2,5,data entry on hard copy for wrong site,
20240523_Harvell Dam,air_temperature,1,30.1,,
20240523_Harvell Dam,air_temperature,2,31.4,,
20240523_Harvell Dam,water_temperature,1,21.3,,
20240523_Harvell Dam,water_temperature,2,21.3,,
20240523_Harvell Dam,pH,1,7.19,,
20240523_Harvell Dam,pH,2,7.2,,
20240523_Harvell Dam,do_percent,1,95.8,,
20240523_Harvell Dam,do_percent,2,95.6,,
20240523_Harvell Dam,do_mgl,1,8.49,,
20240523_Harvell Dam,do_mgl,2,8.48,,
20240523_Harvell Dam,turbidity,1,13.5,,
20240523_Harvell Dam,turbidity,2,16,,
20240523_Harvell Dam,total_Ecoli,1,11,data entry on hard copy for wrong site,
20240523_Harvell Dam,total_Ecoli,2,12,data entry on hard copy for wrong site,
20240523_Harvell Dam,total_coliform,1,61,data entry on hard copy for wrong site,
20240523_Harvell Dam,total_coliform,2,60,data entry on hard copy for wrong site,
20240530_Fleets Branch,air_temperature,1,23.2,,
20240530_Fleets Branch,air_temperature,2,20.5,,
20240530_Fleets Branch,water_temperature,1,18.4,,
20240530_Fleets Branch,water_temperature,2,18.4,,
20240530_Fleets Branch,pH,1,7.58,,
20240530_Fleets Branch,pH,2,7.55,,
20240530_Fleets Branch,do_percent,1,95.9,,
20240530_Fleets Branch,do_percent,2,93.8,,
20240530_Fleets Branch,do_mgl,1,9,,
20240530_Fleets Branch,do_mgl,2,8.76,,
20240530_Fleets Branch,turbidity,1,5.59,,
20240530_Fleets Branch,turbidity,2,5.99,,
20240530_Fleets Branch,total_Ecoli,1,9,,
20240530_Fleets Branch,total_Ecoli,2,16,,
20240530_Fleets Branch,total_coliform,1,27,,
20240530_Fleets Branch,total_coliform,2,50,,
20240530_Fleets Branch,R-card total_Ecoli,1,8,,
20240530_Fleets Branch,R-card total_coliform,1,122,,
20240530_Harvell Dam,air_temperature,1,26,,
20240530_Harvell Dam,air_temperature,2,29.2,,
20240530_Harvell Dam,water_temperature,1,23.6,,
20240530_Harvell Dam,water_temperature,2,23.7,,
20240530_Harvell Dam,pH,1,7.55,,
20240530_Harvell Dam,pH,2,7.56,,
20240530_Harvell Dam,do_percent,1,97.2,,
20240530_Harvell Dam,do_percent,2,96,,
20240530_Harvell Dam,do_mgl,1,8.24,,
20240530_Harvell Dam,do_mgl,2,8.1,,
20240530_Harvell Dam,turbidity,1,5.44,,
20240530_Harvell Dam,turbidity,2,5.52,,
20240530_Harvell Dam,total_Ecoli,1,1,,
20240530_Harvell Dam,total_Ecoli,2,1,,
20240530_Harvell Dam,total_coliform,1,32,,
20240530_Harvell Dam,total_coliform,2,17,,
20240530_Harvell Dam,R-card total_Ecoli,1,4,,
20240530_Harvell Dam,R-card total_coliform,1,159,,
20240606_Fleets Branch,air_temperature,1,26.4,,
20240606_Fleets Branch,air_temperature,2,26.6,,
20240606_Fleets Branch,water_temperature,1,21.4,,
20240606_Fleets Branch,water_temperature,2,21.4,,
20240606_Fleets Branch,pH,1,7.62,,
20240606_Fleets Branch,pH,2,7.62,,
20240606_Fleets Branch,do_percent,1,87.3,,
20240606_Fleets Branch,do_percent,2,86.5,,
20240606_Fleets Branch,do_mgl,1,7.72,,
20240606_Fleets Branch,do_mgl,2,7.68,,
20240606_Fleets Branch,turbidity,1,10.32,,
20240606_Fleets Branch,turbidity,2,9.36,,
20240606_Fleets Branch,total_Ecoli,1,63,,
20240606_Fleets Branch,total_Ecoli,2,77,,
20240606_Fleets Branch,total_coliform,1,120,,
20240606_Fleets Branch,total_coliform,2,107,,
20240606_Fleets Branch,R-card total_Ecoli,1,81,,
20240606_Fleets Branch,R-card total_coliform,1,391,,
20240606_Harvell Dam,air_temperature,1,30.2,,
20240606_Harvell Dam,air_temperature,2,30.4,,
20240606_Harvell Dam,water_temperature,1,25.6,,
20240606_Harvell Dam,water_temperature,2,25.7,,
20240606_Harvell Dam,pH,1,7.64,,
20240606_Harvell Dam,pH,2,7.64,,
20240606_Harvell Dam,do_percent,1,91.4,,
20240606_Harvell Dam,do_percent,2,90.3,,
20240606_Harvell Dam,do_mgl,1,7.46,,
20240606_Harvell Dam,do_mgl,2,7.37,,
20240606_Harvell Dam,turbidity,1,2.66,,
20240606_Harvell Dam,turbidity,2,2.97,,
20240606_Harvell Dam,total_Ecoli,1,4,,
20240606_Harvell Dam,total_Ecoli,2,1,,
20240606_Harvell Dam,total_coliform,1,30,,
20240606_Harvell Dam,total_coliform,2,40,,
20240606_Harvell Dam,R-card total_Ecoli,1,4,,
20240606_Harvell Dam,R-card total_coliform,1,194,,
20240606_Willcox Dam,air_temperature,1,27.3,,
20240606_Willcox Dam,air_temperature,2,27.2,,
20240606_Willcox Dam,water_temperature,1,26.3,,
20240606_Willcox Dam,water_temperature,2,26.3,,
20240606_Willcox Dam,pH,1,9.01,,
20240606_Willcox Dam,pH,2,9,,
20240606_Willcox Dam,do_percent,1,124.8,,
20240606_Willcox Dam,do_percent,2,125.2,,
20240606_Willcox Dam,do_mgl,1,10.07,,
20240606_Willcox Dam,do_mgl,2,10.11,,
20240606_Willcox Dam,turbidity,1,15.6,,
20240606_Willcox Dam,turbidity,2,19.6,,
20240606_Willcox Dam,total_Ecoli,1,0,,
20240606_Willcox Dam,total_Ecoli,2,0,,
20240606_Willcox Dam,total_coliform,1,81,,
20240606_Willcox Dam,total_coliform,2,75,,
20240606_Brickhouse Run,air_temperature,1,29.3,,
20240606_Brickhouse Run,air_temperature,2,28.6,,
20240606_Brickhouse Run,water_temperature,1,22.1,,
20240606_Brickhouse Run,water_temperature,2,22.1,,
20240606_Brickhouse Run,pH,1,7.62,,
20240606_Brickhouse Run,pH,2,7.61,,
20240606_Brickhouse Run,do_percent,1,82.7,,
20240606_Brickhouse Run,do_percent,2,84.3,,
20240606_Brickhouse Run,do_mgl,1,7.21,,
20240606_Brickhouse Run,do_mgl,2,7.35,,
20240606_Brickhouse Run,turbidity,1,86,no flag; paint in Brickhouse Run,
20240606_Brickhouse Run,turbidity,2,84.9,no flag; paint in Brickhouse Run,
20240606_Brickhouse Run,total_Ecoli,1,15,,
20240606_Brickhouse Run,total_Ecoli,2,16,,
20240606_Brickhouse Run,total_coliform,1,105,,
20240606_Brickhouse Run,total_coliform,2,130,,
20240613_Fleets Branch,air_temperature,1,32.3,,
20240613_Fleets Branch,air_temperature,2,32.2,,
20240613_Fleets Branch,water_temperature,1,21.5,,
20240613_Fleets Branch,water_temperature,2,21.5,,
20240613_Fleets Branch,pH,1,7.8,,
20240613_Fleets Branch,pH,2,7.8,,
20240613_Fleets Branch,do_percent,1,86.5,,
20240613_Fleets Branch,do_percent,2,86.2,,
20240613_Fleets Branch,do_mgl,1,7.61,,
20240613_Fleets Branch,do_mgl,2,7.67,,
20240613_Fleets Branch,turbidity,1,4.3,,
20240613_Fleets Branch,turbidity,2,4.76,,
20240613_Fleets Branch,total_Ecoli,1,12,,
20240613_Fleets Branch,total_Ecoli,2,14,,
20240613_Fleets Branch,total_coliform,1,58,,
20240613_Fleets Branch,total_coliform,2,59,,
20240613_Fleets Branch,R-card total_Ecoli,1,85,,
20240613_Fleets Branch,R-card total_coliform,1,196,,
20240613_Harvell Dam,air_temperature,1,34.2,,
20240613_Harvell Dam,air_temperature,2,34.4,,
20240613_Harvell Dam,water_temperature,1,26.9,,
20240613_Harvell Dam,water_temperature,2,26.8,,
20240613_Harvell Dam,pH,1,8.07,,
20240613_Harvell Dam,pH,2,8.06,,
20240613_Harvell Dam,do_percent,1,102.3,,
20240613_Harvell Dam,do_percent,2,101.6,,
20240613_Harvell Dam,do_mgl,1,8.13,,
20240613_Harvell Dam,do_mgl,2,8.19,,
20240613_Harvell Dam,turbidity,1,3.01,,
20240613_Harvell Dam,turbidity,2,2.41,,
20240613_Harvell Dam,total_Ecoli,1,4,,
20240613_Harvell Dam,total_Ecoli,2,5,,
20240613_Harvell Dam,total_coliform,1,20,,
20240613_Harvell Dam,total_coliform,2,43,,
20240613_Harvell Dam,R-card total_Ecoli,1,9,,
20240613_Harvell Dam,R-card total_coliform,1,228,,
20240620_ Fleets Branch,air_temperature,1,29,,
20240620_ Fleets Branch,air_temperature,2,29.2,,
20240620_ Fleets Branch,water_temperature,1,21.5,,
20240620_ Fleets Branch,water_temperature,2,21.5,,
20240620_ Fleets Branch,pH,1,7.59,,
20240620_ Fleets Branch,pH,2,7.58,,
20240620_ Fleets Branch,do_percent,1,77.4,,
20240620_ Fleets Branch,do_percent,2,79.6,,
20240620_ Fleets Branch,do_mgl,1,6.92,,
20240620_ Fleets Branch,do_mgl,2,7.02,,
20240620_ Fleets Branch,turbidity,1,4.24,,
20240620_ Fleets Branch,turbidity,2,3.61,,
20240620_ Fleets Branch,total_Ecoli,1,30,,
20240620_ Fleets Branch,total_Ecoli,2,24,,Big splotch on plate. Data suspect
20240620_ Fleets Branch,total_coliform,1,37,,
20240620_ Fleets Branch,total_coliform,2,22,,
20240620_ Fleets Branch,R-card total_Ecoli,1,18,,
20240620_ Fleets Branch,R-card total_coliform,1,111,,
20240620_Harvell Dam,air_temperature,1,36.7,,
20240620_Harvell Dam,air_temperature,2,39.9,,
20240620_Harvell Dam,water_temperature,1,26.1,,
20240620_Harvell Dam,water_temperature,2,26.1,,
20240620_Harvell Dam,pH,1,7.81,,
20240620_Harvell Dam,pH,2,7.81,,
20240620_Harvell Dam,do_percent,1,88,,
20240620_Harvell Dam,do_percent,2,91.5,,
20240620_Harvell Dam,do_mgl,1,7.13,,
20240620_Harvell Dam,do_mgl,2,7.4,,
20240620_Harvell Dam,turbidity,1,4.41,,
20240620_Harvell Dam,turbidity,2,3.56,,
20240620_Harvell Dam,total_Ecoli,1,2,,
20240620_Harvell Dam,total_Ecoli,2,4,,
20240620_Harvell Dam,total_coliform,1,11,,
20240620_Harvell Dam,total_coliform,2,11,,
20240620_Harvell Dam,R-card total_Ecoli,1,4,,
20240620_Harvell Dam,R-card total_coliform,1,81,,
20240627_Fleets Branch,air_temperature,1,28.6,,
20240627_Fleets Branch,air_temperature,2,29.2,,
20240627_Fleets Branch,water_temperature,1,23.3,,
20240627_Fleets Branch,water_temperature,2,23.3,,
20240627_Fleets Branch,pH,1,7.64,,
20240627_Fleets Branch,pH,2,7.63,,
20240627_Fleets Branch,do_percent,1,78.1,,
20240627_Fleets Branch,do_percent,2,79.4,,
20240627_Fleets Branch,do_mgl,1,6.66,,
20240627_Fleets Branch,do_mgl,2,6.78,,
20240627_Fleets Branch,turbidity,1,2.33,,
20240627_Fleets Branch,turbidity,2,2.73,,
20240627_Fleets Branch,total_Ecoli,1,8,,
20240627_Fleets Branch,total_Ecoli,2,30,,
20240627_Fleets Branch,total_coliform,1,64,,
20240627_Fleets Branch,total_coliform,2,67,,
20240627_Fleets Branch,R-card total_Ecoli,1,12,,
20240627_Fleets Branch,R-card total_coliform,1,193,,
20240627_Harvell Dam,air_temperature,1,36.7,,
20240627_Harvell Dam,air_temperature,2,30.8,,
20240627_Harvell Dam,water_temperature,1,29.1,,
20240627_Harvell Dam,water_temperature,2,29.2,,
20240627_Harvell Dam,pH,1,7.99,,
20240627_Harvell Dam,pH,2,8.03,,
20240627_Harvell Dam,do_percent,1,89.5,,
20240627_Harvell Dam,do_percent,2,90.7,,
20240627_Harvell Dam,do_mgl,1,6.87,,
20240627_Harvell Dam,do_mgl,2,6.93,,
20240627_Harvell Dam,turbidity,1,2.67,,
20240627_Harvell Dam,turbidity,2,2.63,,
20240627_Harvell Dam,total_Ecoli,1,7,,
20240627_Harvell Dam,total_Ecoli,2,3,,
20240627_Harvell Dam,total_coliform,1,43,,
20240627_Harvell Dam,total_coliform,2,32,,
20240627_Harvell Dam,R-card total_Ecoli,1,8,,
20240627_Harvell Dam,R-card total_coliform,1,131,,
20240702_Fleets Branch,air_temperature,1,26,,
20240702_Fleets Branch,air_temperature,2,25.9,,
20240702_Fleets Branch,water_temperature,1,20.6,,
20240702_Fleets Branch,water_temperature,2,20.6,,
20240702_Fleets Branch,pH,1,7.46,,
20240702_Fleets Branch,pH,2,7.45,,
20240702_Fleets Branch,do_percent,1,87.7,,
20240702_Fleets Branch,do_percent,2,88.5,,
20240702_Fleets Branch,do_mgl,1,7.9,,
20240702_Fleets Branch,do_mgl,2,7.93,,
20240702_Fleets Branch,turbidity,1,3.65,,
20240702_Fleets Branch,turbidity,2,4.1,,
20240702_Fleets Branch,total_Ecoli,1,70,,
20240702_Fleets Branch,total_Ecoli,2,87,,
20240702_Fleets Branch,total_coliform,1,20,,
20240702_Fleets Branch,total_coliform,2,45,,
20240702_Fleets Branch,R-card total_Ecoli,1,103,,
20240702_Fleets Branch,R-card total_coliform,1,203,,
20240702_Harvell Dam,air_temperature,1,31.9,,
20240702_Harvell Dam,air_temperature,2,29.6,,
20240702_Harvell Dam,water_temperature,1,27.3,,
20240702_Harvell Dam,water_temperature,2,27.4,,
20240702_Harvell Dam,pH,1,7.92,,
20240702_Harvell Dam,pH,2,7.92,,
20240702_Harvell Dam,do_percent,1,97.4,,
20240702_Harvell Dam,do_percent,2,98.8,,
20240702_Harvell Dam,do_mgl,1,7.7,,
20240702_Harvell Dam,do_mgl,2,7.82,,
20240702_Harvell Dam,turbidity,1,13.03,,
20240702_Harvell Dam,turbidity,2,3.13,,
20240702_Harvell Dam,total_Ecoli,1,9,,
20240702_Harvell Dam,total_Ecoli,2,9,,
20240702_Harvell Dam,total_coliform,1,20,,
20240702_Harvell Dam,total_coliform,2,14,,
20240702_Harvell Dam,R-card total_Ecoli,1,7,,
20240702_Harvell Dam,R-card total_coliform,1,154,,
20240711_Fleets Branch,air_temperature,1,28.7,,
20240711_Fleets Branch,air_temperature,2,29.5,,
20240711_Fleets Branch,water_temperature,1,24.7,,
20240711_Fleets Branch,water_temperature,2,24.7,,
20240711_Fleets Branch,pH,1,7.48,,
20240711_Fleets Branch,pH,2,7.48,,
20240711_Fleets Branch,do_percent,1,82,,
20240711_Fleets Branch,do_percent,2,81.7,,
20240711_Fleets Branch,do_mgl,1,6.81,,
20240711_Fleets Branch,do_mgl,2,6.8,,
20240711_Fleets Branch,turbidity,1,2.58,,
20240711_Fleets Branch,turbidity,2,2.53,,
20240711_Fleets Branch,total_Ecoli,1,45,,
20240711_Fleets Branch,total_Ecoli,2,46,,
20240711_Fleets Branch,total_coliform,1,22,,
20240711_Fleets Branch,total_coliform,2,37,,
20240711_Fleets Branch,R-card total_Ecoli,1,108,,
20240711_Fleets Branch,R-card total_coliform,1,156,,
20240711_Harvell Dam,air_temperature,1,36.7,,
20240711_Harvell Dam,air_temperature,2,37,,
20240711_Harvell Dam,water_temperature,1,29.7,,
20240711_Harvell Dam,water_temperature,2,29.7,,
20240711_Harvell Dam,pH,1,7.84,,
20240711_Harvell Dam,pH,2,7.84,,
20240711_Harvell Dam,do_percent,1,96.7,,
20240711_Harvell Dam,do_percent,2,99.5,,
20240711_Harvell Dam,do_mgl,1,7.42,,
20240711_Harvell Dam,do_mgl,2,7.47,,
20240711_Harvell Dam,turbidity,1,1.91,,
20240711_Harvell Dam,turbidity,2,2.11,,
20240711_Harvell Dam,total_Ecoli,1,4,,
20240711_Harvell Dam,total_Ecoli,2,7,,
20240711_Harvell Dam,total_coliform,1,9,,
20240711_Harvell Dam,total_coliform,2,27,,
20240711_Harvell Dam,R-card total_Ecoli,1,4,,
20240711_Harvell Dam,R-card total_coliform,1,234,,
20240718_Fleets Branch,air_temperature,1,26.1,,
20240718_Fleets Branch,air_temperature,2,26.1,,
20240718_Fleets Branch,water_temperature,1,24.4,,
20240718_Fleets Branch,water_temperature,2,24.4,,
20240718_Fleets Branch,pH,1,7.48,,
20240718_Fleets Branch,pH,2,7.46,,
20240718_Fleets Branch,do_percent,1,73.3,,
20240718_Fleets Branch,do_percent,2,70.7,,
20240718_Fleets Branch,do_mgl,1,5.97,,
20240718_Fleets Branch,do_mgl,2,5.91,,
20240718_Fleets Branch,turbidity,1,4.97,,
20240718_Fleets Branch,turbidity,2,4.72,,
20240718_Fleets Branch,total_Ecoli,1,18,,
20240718_Fleets Branch,total_Ecoli,2,31,,
20240718_Fleets Branch,total_coliform,1,48,,
20240718_Fleets Branch,total_coliform,2,72,,
20240718_Fleets Branch,R-card total_Ecoli,1,66,,
20240718_Fleets Branch,R-card total_coliform,1,127,,
20240718_Harvell Dam,air_temperature,1,25.4,,
20240718_Harvell Dam,air_temperature,2,26.5,,
20240718_Harvell Dam,water_temperature,1,27.4,,
20240718_Harvell Dam,water_temperature,2,27.4,,
20240718_Harvell Dam,pH,1,7.49,,
20240718_Harvell Dam,pH,2,7.48,,
20240718_Harvell Dam,do_percent,1,86.3,,
20240718_Harvell Dam,do_percent,2,85.6,,
20240718_Harvell Dam,do_mgl,1,6.85,,
20240718_Harvell Dam,do_mgl,2,6.78,,
20240718_Harvell Dam,turbidity,1,2.02,,
20240718_Harvell Dam,turbidity,2,1.95,,
20240718_Harvell Dam,total_Ecoli,1,11,,
20240718_Harvell Dam,total_Ecoli,2,9,,
20240718_Harvell Dam,total_coliform,1,14,,
20240718_Harvell Dam,total_coliform,2,16,,
20240718_Harvell Dam,R-card total_Ecoli,1,24,,
20240718_Harvell Dam,R-card total_coliform,1,162,,
20240726_Willcox Dam,air_temperature,1,25.0,,
20240726_Willcox Dam,air_temperature,2,25.0,,
20240726_Willcox Dam,water_temperature,1,27.3,,
20240726_Willcox Dam,water_temperature,2,27.2,,
20240726_Willcox Dam,pH,1,6.98,,
20240726_Willcox Dam,pH,2,6.96,,
20240726_Willcox Dam,do_percent,1,87.4,,
20240726_Willcox Dam,do_percent,2,88.4,,
20240726_Willcox Dam,do_mgl,1,6.93,,
20240726_Willcox Dam,do_mgl,2,7.03,,
20240726_Willcox Dam,turbidity,1,14.2,,
20240726_Willcox Dam,turbidity,2,13.6,,
20240726_Willcox Dam,total_Ecoli,1,1,,
20240726_Willcox Dam,total_Ecoli,2,3,,
20240726_Willcox Dam,total_coliform,1,27,,
20240726_Willcox Dam,total_coliform,2,16,,
20240726_Willcox Dam,R-card total_Ecoli,1,2,,
20240726_Willcox Dam,R-card total_coliform,2,588.0,,
20240726_Brickhouse Run,air_temperature,1,26.4,,
20240726_Brickhouse Run,air_temperature,2,25.9,,
20240726_Brickhouse Run,water_temperature,1,24.9,,
20240726_Brickhouse Run,water_temperature,2,24.9,,
20240726_Brickhouse Run,pH,1,7.40,,
20240726_Brickhouse Run,pH,2,7.41,,
20240726_Brickhouse Run,do_percent,1,86.5,,
20240726_Brickhouse Run,do_percent,2,89.4,,
20240726_Brickhouse Run,do_mgl,1,7.17,,
20240726_Brickhouse Run,do_mgl,2,7.46,,
20240726_Brickhouse Run,turbidity,1,4.96,,
20240726_Brickhouse Run,turbidity,2,4.77,,
20240726_Brickhouse Run,total_Ecoli,1,8,,
20240726_Brickhouse Run,total_Ecoli,2,11,,
20240726_Brickhouse Run,total_coliform,1,35,,
20240726_Brickhouse Run,total_coliform,2,34,,
20240726_Fleets Branch,air_temperature,1,27.5,,
20240726_Fleets Branch,air_temperature,2,28.6,,
20240726_Fleets Branch,water_temperature,1,24.6,,
20240726_Fleets Branch,water_temperature,2,24.6,,
20240726_Fleets Branch,pH,1,7.11,,
20240726_Fleets Branch,pH,2,7.11,,
20240726_Fleets Branch,do_percent,1,69.00,,
20240726_Fleets Branch,do_percent,2,70.8,,
20240726_Fleets Branch,do_mgl,1,5.79,,
20240726_Fleets Branch,do_mgl,2,5.90,,
20240726_Fleets Branch,turbidity,1,10.88,,
20240726_Fleets Branch,turbidity,2,11.6,,
20240726_Fleets Branch,total_Ecoli,1,65,<-- plus more that are too small to count ,
20240726_Fleets Branch,total_Ecoli,2,83,<-- plus more that are too small to count ,
20240726_Fleets Branch,total_coliform,1,,too many,
20240726_Fleets Branch,total_coliform,2,,too many,
20240726_Harvell Dam,air_temperature,1,,,
20240726_Harvell Dam,air_temperature,2, ,,
20240726_Harvell Dam,water_temperature,1,28.7,,
20240726_Harvell Dam,water_temperature,2,28.7,,
20240726_Harvell Dam,pH,1,7.53,,
20240726_Harvell Dam,pH,2,7.52,,
20240726_Harvell Dam,do_percent,1,94.4,,
20240726_Harvell Dam,do_percent,2,94.4,,
20240726_Harvell Dam,do_mgl,1,7.23,,
20240726_Harvell Dam,do_mgl,2,7.30,,
20240726_Harvell Dam,turbidity,1,4.52,,
20240726_Harvell Dam,turbidity,2,5.27,,
20240726_Harvell Dam,total_Ecoli,1,1,,
20240726_Harvell Dam,total_Ecoli,2,1,,
20240726_Harvell Dam,total_coliform,1,12,,
20240726_Harvell Dam,total_coliform,2,11,,
20240815_Fleets Branch,air_temperature,1,21.2,,
20240815_Fleets Branch,air_temperature,2,21.5,,
20240815_Fleets Branch,water_temperature,1,21.0,,
20240815_Fleets Branch,water_temperature,2,21.0,Tropical storm Debby raised river levels ,
20240815_Fleets Branch,pH,1,7.59,,
20240815_Fleets Branch,pH,2,7.56,,
20240815_Fleets Branch,do_percent,1,72,,
20240815_Fleets Branch,do_percent,2,75.0,,
20240815_Fleets Branch,do_mgl,1,6.4,,
20240815_Fleets Branch,do_mgl,2, ,,
20240815_Fleets Branch,turbidity,1,2.62,,
20240815_Fleets Branch,turbidity,2,2.65,,
20240815_Fleets Branch,total_Ecoli,1,7,,
20240815_Fleets Branch,total_Ecoli,2,13,,
20240815_Fleets Branch,total_coliform,1,24,,
20240815_Fleets Branch,total_coliform,2,15,,
20240815_Fleets Branch,R-card total_Ecoli,1,,,
20240815_Fleets Branch,R-card total_coliform,2,,,
20240815_Harvell Dam,air_temperature,1,25.6,,
20240815_Harvell Dam,air_temperature,2,25.1,,
20240815_Harvell Dam,water_temperature,1,26.50,,
20240815_Harvell Dam,water_temperature,2,26.50,,
20240815_Harvell Dam,pH,1,7.10,,
20240815_Harvell Dam,pH,2,7.1,,
20240815_Harvell Dam,do_percent,1,82.50,,
20240815_Harvell Dam,do_percent,2,82.60,,
20240815_Harvell Dam,do_mgl,1,6.63,,
20240815_Harvell Dam,do_mgl,2,6.6,,
20240815_Harvell Dam,turbidity,1,25,,
20240815_Harvell Dam,turbidity,2,22,,
20240815_Harvell Dam,total_Ecoli,1,2,,
20240815_Harvell Dam,total_Ecoli,2,2,,
20240815_Harvell Dam,total_coliform,1,11,,
20240815_Harvell Dam,total_coliform,2,15,,
20240815_Harvell Dam,R-card total_Ecoli,1,1.0,,
20240815_Harvell Dam,R-card total_coliform,1,,too many to count,
20240815_Harvell Dam,R-card total_Ecoli,2,0.0,,
20240815_Harvell Dam,R-card total_coliform,2,,too many to count,
20240822_Fleets Branch ,air_temperature,1,22.0,,
20240822_Fleets Branch ,air_temperature,2,21.8,,
20240822_Fleets Branch ,water_temperature,1,19.5,,
20240822_Fleets Branch ,water_temperature,2,19.5,,
20240822_Fleets Branch ,pH,1,7.39,,
20240822_Fleets Branch ,pH,2,7.39,,
20240822_Fleets Branch ,do_percent,1,58.00,,
20240822_Fleets Branch ,do_percent,2,56.5,,
20240822_Fleets Branch ,do_mgl,1,5.32,,
20240822_Fleets Branch ,do_mgl,2,5.18,,
20240822_Fleets Branch ,turbidity,1,39.40,,
20240822_Fleets Branch ,turbidity,2,38.4,,
20240822_Fleets Branch ,total_Ecoli,1,120,approximate count,
20240822_Fleets Branch ,total_Ecoli,2,90,approximate count,
20240822_Fleets Branch ,total_coliform,1,,cannot count; too many,
20240822_Fleets Branch ,total_coliform,2,,cannot count; too many,
20240822_Fleets Branch ,R-card total_Ecoli,1,,,
20240822_Fleets Branch ,R-card total_coliform,2,,,
20240822_Harvell Dam,air_temperature,1,20.4,,
20240822_Harvell Dam,air_temperature,2,20.8,,
20240822_Harvell Dam,water_temperature,1,24.0,,
20240822_Harvell Dam,water_temperature,2,24.0,,
20240822_Harvell Dam,pH,1,7.29,,
20240822_Harvell Dam,pH,2,7.27,,
20240822_Harvell Dam,do_percent,1,90.30,,
20240822_Harvell Dam,do_percent,2,92.1,,
20240822_Harvell Dam,do_mgl,1,7.60,,
20240822_Harvell Dam,do_mgl,2,7.76,,
20240822_Harvell Dam,turbidity,1,7.19,,
20240822_Harvell Dam,turbidity,2,6.9,,
20240822_Harvell Dam,total_Ecoli,1,1,,
20240822_Harvell Dam,total_Ecoli,2,1,,
20240822_Harvell Dam,total_coliform,1,7,7 big ones,
20240822_Harvell Dam,total_coliform,2,12,,
20240822_Harvell Dam,R-card total_Ecoli,1,3,,
20240822_Harvell Dam,R-card total_coliform,2,14,,
20240905_Harvell Dam,air_temperature,1,21.4,,
20240905_Harvell Dam,air_temperature,2,21.5,,
20240905_Harvell Dam,water_temperature,1,23.9,,
20240905_Harvell Dam,water_temperature,2,23.9,,
20240905_Harvell Dam,pH,1,7.4,,
20240905_Harvell Dam,pH,2,7.35,,
20240905_Harvell Dam,do_percent,1,82.00,,
20240905_Harvell Dam,do_percent,2,85.50,,
20240905_Harvell Dam,do_mgl,1,6.9,,
20240905_Harvell Dam,do_mgl,2,7.21,,
20240905_Harvell Dam,turbidity,1,2.65,,
20240905_Harvell Dam,turbidity,2,2.41,,
20240905_Harvell Dam,total_Ecoli,1,,,
20240905_Harvell Dam,total_Ecoli,2,,,
20240905_Harvell Dam,total_coliform,1,,,
20240905_Harvell Dam,total_coliform,2,,,
20240905_Harvell Dam,R-card total_Ecoli,1,,,
20240905_Harvell Dam,R-card total_coliform,2,,,
20240926_Harvell Dam,air_temperature,1,25.8,,
20240926_Harvell Dam,air_temperature,2,25.6,,
20240926_Harvell Dam,water_temperature,1,23.5,,
20240926_Harvell Dam,water_temperature,2,23.5,,
20240926_Harvell Dam,pH,1,7.41,,
20240926_Harvell Dam,pH,2,7.41,,
20240926_Harvell Dam,do_percent,1,92.40,,
20240926_Harvell Dam,do_percent,2,92.6,,
20240926_Harvell Dam,do_mgl,1,7.85,,
20240926_Harvell Dam,do_mgl,2,7.87,,
20240926_Harvell Dam,turbidity,1,6.20,,
20240926_Harvell Dam,turbidity,2,5.1,,
20240926_Harvell Dam,total_Ecoli,1,3,,
20240926_Harvell Dam,total_Ecoli,2,8,,
20240926_Harvell Dam,total_coliform,1,20,,
20240926_Harvell Dam,total_coliform,2,19,,
20240926_Harvell Dam,R-card total_Ecoli,1,,,
20240926_Harvell Dam,R-card total_coliform,2,,,
20240926_Fleets Branch,air_temperature,1,23.5,,
20240926_Fleets Branch,air_temperature,2,23.6,,
20240926_Fleets Branch,water_temperature,1,21.6,,
20240926_Fleets Branch,water_temperature,2,21.6,,
20240926_Fleets Branch,pH,1,7.37,,
20240926_Fleets Branch,pH,2,7.37,,
20240926_Fleets Branch,do_percent,1,85.70,,
20240926_Fleets Branch,do_percent,2,86.3,,
20240926_Fleets Branch,do_mgl,1,7.56,,
20240926_Fleets Branch,do_mgl,2,7.61,,
20240926_Fleets Branch,turbidity,1,7.40,,
20240926_Fleets Branch,turbidity,2,7.4,,
20240926_Fleets Branch,total_Ecoli,1,49,,
20240926_Fleets Branch,total_Ecoli,2,42,,
20240926_Fleets Branch,total_coliform,1,,too many,
20240926_Fleets Branch,total_coliform,2,,too many,
20240926_Fleets Branch,R-card total_Ecoli,1,,,
20240926_Fleets Branch,R-card total_coliform,2,,,
20241010_Fleets Branch,air_temperature,1,14.2,,
20241010_Fleets Branch,air_temperature,2,14.7,,
20241010_Fleets Branch,water_temperature,1,15.8,,
20241010_Fleets Branch,water_temperature,2,15.9,,
20241010_Fleets Branch,pH,1,7.31,,
20241010_Fleets Branch,pH,2,7.31,,
20241010_Fleets Branch,do_percent,1,75.50,,
20241010_Fleets Branch,do_percent,2,75.5,,
20241010_Fleets Branch,do_mgl,1,7.97,,
20241010_Fleets Branch,do_mgl,2,7.45,,
20241010_Fleets Branch,turbidity,1,3.65,,
20241010_Fleets Branch,turbidity,2,3.4,,
20241010_Fleets Branch,total_Ecoli,1,1,,
20241010_Fleets Branch,total_Ecoli,2,2,,
20241010_Fleets Branch,total_coliform,1,8,,
20241010_Fleets Branch,total_coliform,2,10,,
20241010_Fleets Branch,R-card total_Ecoli,1,,,
20241010_Fleets Branch,R-card total_coliform,2,,,
20241010_Harvell Dam,air_temperature,1,14.2,,
20241010_Harvell Dam,air_temperature,2,14.7,,
20241010_Harvell Dam,water_temperature,1,19.7,,
20241010_Harvell Dam,water_temperature,2,19.7,,
20241010_Harvell Dam,pH,1,7.18,,
20241010_Harvell Dam,pH,2,7.19,,
20241010_Harvell Dam,do_percent,1,89.60,,
20241010_Harvell Dam,do_percent,2,89.5,,
20241010_Harvell Dam,do_mgl,1,8.18,,
20241010_Harvell Dam,do_mgl,2,8.19,,
20241010_Harvell Dam,turbidity,1,12.00,,
20241010_Harvell Dam,turbidity,2,12.1,,
20241010_Harvell Dam,total_Ecoli,1,10,,
20241010_Harvell Dam,total_Ecoli,2,12,,
20241010_Harvell Dam,total_coliform,1,,too many,
20241010_Harvell Dam,total_coliform,2,,too many,
20241010_Harvell Dam,R-card total_Ecoli,1,,,
20241010_Harvell Dam,R-card total_coliform,2,,,
20241024_Fleets Branch,air_temperature,1,15,,
20241024_Fleets Branch,air_temperature,2,15.1,,
20241024_Fleets Branch,water_temperature,1,15.6,,
20241024_Fleets Branch,water_temperature,2,15.6,,
20241024_Fleets Branch,pH,1,7.43,,
20241024_Fleets Branch,pH,2,7.43,,
20241024_Fleets Branch,do_percent,1,70.8,,
20241024_Fleets Branch,do_percent,2,70.5,,
20241024_Fleets Branch,do_mgl,1,7.03,,
20241024_Fleets Branch,do_mgl,2,7.02,,
20241024_Fleets Branch,turbidity,1,3.88,,
20241024_Fleets Branch,turbidity,2,,N/A,
20241024_Fleets Branch,total_Ecoli,1,26,,
20241024_Fleets Branch,total_Ecoli,2,28,,
20241024_Fleets Branch,total_coliform,1,,too many,
20241024_Fleets Branch,total_coliform,2,,too many,
20241024_Fleets Branch,R-card total_Ecoli,1,,,
20241024_Fleets Branch,R-card total_coliform,2,,,
20241024_Harvell Dam,air_temperature,1,15,,
20241024_Harvell Dam,air_temperature,2,15.1,,
20241024_Harvell Dam,water_temperature,1,17.8,,
20241024_Harvell Dam,water_temperature,2,17.8,,
20241024_Harvell Dam,pH,1,7.2,,
20241024_Harvell Dam,pH,2,7.15,,
20241024_Harvell Dam,do_percent,1,93.9,,
20241024_Harvell Dam,do_percent,2,94.6,,
20241024_Harvell Dam,do_mgl,1,8.95,,
20241024_Harvell Dam,do_mgl,2,9,,
20241024_Harvell Dam,turbidity,1,5.43,,
20241024_Harvell Dam,turbidity,2,,N/A,
20241024_Harvell Dam,total_Ecoli,1,2,,
20241024_Harvell Dam,total_Ecoli,2,2,,
20241024_Harvell Dam,total_coliform,1,15,,
20241024_Harvell Dam,total_coliform,2,9,,
20241024_Harvell Dam,R-card total_Ecoli,1,,,
20241024_Harvell Dam,R-card total_coliform,2,,,
20241213_Fleets Branch,air_temperature,1,,,
20241213_Fleets Branch,air_temperature,2,,,
20241213_Fleets Branch,water_temperature,1,6.5,,
20241213_Fleets Branch,water_temperature,2,6.5,,
20241213_Fleets Branch,pH,1,7.18,,
20241213_Fleets Branch,pH,2,7.17,,
20241213_Fleets Branch,do_percent,1,95.3,,
20241213_Fleets Branch,do_percent,2,97.5,,
20241213_Fleets Branch,do_mgl,1,11.69,,
20241213_Fleets Branch,do_mgl,2,11.99,,
20241213_Fleets Branch,turbidity,1,8.11,,
20241213_Fleets Branch,turbidity,2,8.31,,
20241213_Fleets Branch,total_Ecoli,1,21,,
20241213_Fleets Branch,total_Ecoli,2,12,,
20241213_Fleets Branch,total_coliform,1,24,,
20241213_Fleets Branch,total_coliform,2,21,,
20241213_Fleets Branch,R-card total_Ecoli,1,,,
20241213_Fleets Branch,R-card total_coliform,2,,,
20241213_Harvell Dam,air_temperature,1,,,
20241213_Harvell Dam,air_temperature,2,,,
20241213_Harvell Dam,water_temperature,1,7.2,,
20241213_Harvell Dam,water_temperature,2,7.2,,
20241213_Harvell Dam,pH,1,7.24,,
20241213_Harvell Dam,pH,2,7.28,,
20241213_Harvell Dam,do_percent,1,102.5,,
20241213_Harvell Dam,do_percent,2,102.9,,
20241213_Harvell Dam,do_mgl,1,12.37,,
20241213_Harvell Dam,do_mgl,2,12.42,,
20241213_Harvell Dam,turbidity,1,4.64,,
20241213_Harvell Dam,turbidity,2,4.55,,
20241213_Harvell Dam,total_Ecoli,1,1,,
20241213_Harvell Dam,total_Ecoli,2,0,,
20241213_Harvell Dam,total_coliform,1,2,,
20241213_Harvell Dam,total_coliform,2,0,,
20241213_Harvell Dam,R-card total_Ecoli,1,,,
20241213_Harvell Dam,R-card total_coliform,2,,,
20241101_Willcox Dam,air_temperature,1,21,,
20241101_Willcox Dam,air_temperature,2,20.5,,
20241101_Willcox Dam,water_temperature,1,17.9,,
20241101_Willcox Dam,water_temperature,2,17.9,,
20241101_Willcox Dam,pH,1,6.95,,
20241101_Willcox Dam,pH,2,6.95,,
20241101_Willcox Dam,do_percent,1,74.8,,
20241101_Willcox Dam,do_percent,2,74.7,,
20241101_Willcox Dam,do_mgl,1,7.09,,
20241101_Willcox Dam,do_mgl,2,7.09,,
20241101_Willcox Dam,turbidity,1,4.64,,
20241101_Willcox Dam,turbidity,2,4.38,,
20241101_Willcox Dam,total_Ecoli,1,0,,
20241101_Willcox Dam,total_Ecoli,2,1,,
20241101_Willcox Dam,total_coliform,1,0,,
20241101_Willcox Dam,total_coliform,2,3,,
20241101_Willcox Dam,R-card total_Ecoli,1,,,
20241101_Willcox Dam,R-card total_coliform,2,,,
20241101_Brickhouse Run,air_temperature,1,19,,
20241101_Brickhouse Run,air_temperature,2,19,,
20241101_Brickhouse Run,water_temperature,1,18.1,,
20241101_Brickhouse Run,water_temperature,2,18.1,,
20241101_Brickhouse Run,pH,1,7.4,,
20241101_Brickhouse Run,pH,2,7.43,,
20241101_Brickhouse Run,do_percent,1,88.5,,
20241101_Brickhouse Run,do_percent,2,85.7,,
20241101_Brickhouse Run,do_mgl,1,8.3,,
20241101_Brickhouse Run,do_mgl,2,8.04,,
20241101_Brickhouse Run,turbidity,1,1.5,,
20241101_Brickhouse Run,turbidity,2,2.1,,
20241101_Brickhouse Run,total_Ecoli,1,19,,
20241101_Brickhouse Run,total_Ecoli,2,10,,
20241101_Brickhouse Run,total_coliform,1,41,,
20241101_Brickhouse Run,total_coliform,2,28,,
20241101_Brickhouse Run,R-card total_Ecoli,1,,,
20241101_Brickhouse Run,R-card total_coliform,2,,,
20241101_Fleets Branch,air_temperature,1,19,,
20241101_Fleets Branch,air_temperature,2,19,,
20241101_Fleets Branch,water_temperature,1,17.4,,
20241101_Fleets Branch,water_temperature,2,17.3,,
20241101_Fleets Branch,pH,1,7.25,,
20241101_Fleets Branch,pH,2,7.25,,
20241101_Fleets Branch,do_percent,1,77.5,,
20241101_Fleets Branch,do_percent,2,76.9,,
20241101_Fleets Branch,do_mgl,1,7.45,,
20241101_Fleets Branch,do_mgl,2,7.37,,
20241101_Fleets Branch,turbidity,1,1.09,,
20241101_Fleets Branch,turbidity,2,0.99,,
20241101_Fleets Branch,total_Ecoli,1,54,,
20241101_Fleets Branch,total_Ecoli,2,71,,
20241101_Fleets Branch,total_coliform,1,61,,
20241101_Fleets Branch,total_coliform,2,80,,
20241101_Fleets Branch,R-card total_Ecoli,1,,,
20241101_Fleets Branch,R-card total_coliform,2,,,
20241101_Harvell Dam,air_temperature,1,19,,
20241101_Harvell Dam,air_temperature,2,19,,
20241101_Harvell Dam,water_temperature,1,18.3,,
20241101_Harvell Dam,water_temperature,2,18.3,,
20241101_Harvell Dam,pH,1,7.72,,
20241101_Harvell Dam,pH,2,7.72,,
20241101_Harvell Dam,do_percent,1,98.5,,
20241101_Harvell Dam,do_percent,2,98.3,,
20241101_Harvell Dam,do_mgl,1,9.25,,
20241101_Harvell Dam,do_mgl,2,9.24,,
20241101_Harvell Dam,turbidity,1,2.96,,
20241101_Harvell Dam,turbidity,2,3.08,,
20241101_Harvell Dam,total_Ecoli,1,0,,
20241101_Harvell Dam,total_Ecoli,2,1,,
20241101_Harvell Dam,total_coliform,1,5,,
20241101_Harvell Dam,total_coliform,2,37,,
20241101_Harvell Dam,R-card total_Ecoli,1,,,
20241101_Harvell Dam,R-card total_coliform,2,,,
20241114_Fleets Branch,air_temperature,1,13,,
20241114_Fleets Branch,air_temperature,2,13,,
20241114_Fleets Branch,water_temperature,1,11.1,,
20241114_Fleets Branch,water_temperature,2,11.1,,
20241114_Fleets Branch,pH,1,7.25,,
20241114_Fleets Branch,pH,2,7.24,,
20241114_Fleets Branch,do_percent,1,77.2,,
20241114_Fleets Branch,do_percent,2,76.7,,
20241114_Fleets Branch,do_mgl,1,8.5,,
20241114_Fleets Branch,do_mgl,2,8.44,,
20241114_Fleets Branch,turbidity,1,1.52,,
20241114_Fleets Branch,turbidity,2,1.79,,
20241114_Fleets Branch,total_Ecoli,1,10,,
20241114_Fleets Branch,total_Ecoli,2,14,,
20241114_Fleets Branch,total_coliform,1,21,,
20241114_Fleets Branch,total_coliform,2,36,,
20241114_Fleets Branch,R-card total_Ecoli,1,,,
20241114_Fleets Branch,R-card total_coliform,2,,,
20241114_Harvell Dam,air_temperature,1,13,,
20241114_Harvell Dam,air_temperature,2,13,,
20241114_Harvell Dam,water_temperature,1,11.1,,
20241114_Harvell Dam,water_temperature,2,11.1,,
20241114_Harvell Dam,pH,1,7.56,,
20241114_Harvell Dam,pH,2,7.56,,
20241114_Harvell Dam,do_percent,1,92.4,,
20241114_Harvell Dam,do_percent,2,92.1,,
20241114_Harvell Dam,do_mgl,1,9.57,,
20241114_Harvell Dam,do_mgl,2,9.54,,
20241114_Harvell Dam,turbidity,1,2.39,,
20241114_Harvell Dam,turbidity,2,2.28,,
20241114_Harvell Dam,total_Ecoli,1,7,,
20241114_Harvell Dam,total_Ecoli,2,3,,
20241114_Harvell Dam,total_coliform,1,13,,
20241114_Harvell Dam,total_coliform,2,6,,
20241114_Harvell Dam,R-card total_Ecoli,1,,,
20241114_Harvell Dam,R-card total_coliform,2,,,
20241121_Fleets Branch,air_temperature,1,10,,
20241121_Fleets Branch,air_temperature,2,10,,
20241121_Fleets Branch,water_temperature,1,12.9,,
20241121_Fleets Branch,water_temperature,2,12.9,,
20241121_Fleets Branch,pH,1,7.31,,
20241121_Fleets Branch,pH,2,7.3,,
20241121_Fleets Branch,do_percent,1,76.4,,
20241121_Fleets Branch,do_percent,2,76.1,,
20241121_Fleets Branch,do_mgl,1,8.07,,
20241121_Fleets Branch,do_mgl,2,8.04,,
20241121_Fleets Branch,turbidity,1,2.77,,
20241121_Fleets Branch,turbidity,2,2.85,,
20241121_Fleets Branch,total_Ecoli,1,3,,
20241121_Fleets Branch,total_Ecoli,2,5,,
20241121_Fleets Branch,total_coliform,1,9,,
20241121_Fleets Branch,total_coliform,2,10,,
20241121_Fleets Branch,R-card total_Ecoli,1,,,
20241121_Fleets Branch,R-card total_coliform,2,,,
20241121_Harvell Dam,air_temperature,1,,,
20241121_Harvell Dam,air_temperature,2,,,
20241121_Harvell Dam,water_temperature,1,14,,
20241121_Harvell Dam,water_temperature,2,14,,
20241121_Harvell Dam,pH,1,7.57,,
20241121_Harvell Dam,pH,2,7.58,,
20241121_Harvell Dam,do_percent,1,95.7,,
20241121_Harvell Dam,do_percent,2,97.4,,
20241121_Harvell Dam,do_mgl,1,9.89,,
20241121_Harvell Dam,do_mgl,2,10.04,,
20241121_Harvell Dam,turbidity,1,3.03,,
20241121_Harvell Dam,turbidity,2,3.34,,
20241121_Harvell Dam,total_Ecoli,1,2,,
20241121_Harvell Dam,total_Ecoli,2,4,,
20241121_Harvell Dam,total_coliform,1,5,,
20241121_Harvell Dam,total_coliform,2,7,,
20241121_Harvell Dam,R-card total_Ecoli,1,,,
20241121_Harvell Dam,R-card total_coliform,2,,,
20241205_Harvell Dam,air_temperature,1,,,
20241205_Harvell Dam,air_temperature,2,,,
20241205_Harvell Dam,water_temperature,1,7.8,,
20241205_Harvell Dam,water_temperature,2,7.8,,
20241205_Harvell Dam,pH,1,7.4,,
20241205_Harvell Dam,pH,2,7.41,,
20241205_Harvell Dam,do_percent,1,95,,
20241205_Harvell Dam,do_percent,2,94.8,,
20241205_Harvell Dam,do_mgl,1,11.29,,
20241205_Harvell Dam,do_mgl,2,11.27,,
20241205_Harvell Dam,turbidity,1,2.66,,
20241205_Harvell Dam,turbidity,2,2.61,,
20241205_Harvell Dam,total_Ecoli,1,3,,
20241205_Harvell Dam,total_Ecoli,2,1,,
20241205_Harvell Dam,total_coliform,1,1,,
20241205_Harvell Dam,total_coliform,2,1,,
20241205_Harvell Dam,R-card total_Ecoli,1,,,
20241205_Harvell Dam,R-card total_coliform,2,,,
20241205_Fleets Branch,air_temperature,1,,,
20241205_Fleets Branch,air_temperature,2,,,
20241205_Fleets Branch,water_temperature,1,5.9,,
20241205_Fleets Branch,water_temperature,2,5.9,,
20241205_Fleets Branch,pH,1,7.41,,
20241205_Fleets Branch,pH,2,7.39,,
20241205_Fleets Branch,do_percent,1,95.1,,
20241205_Fleets Branch,do_percent,2,94.3,,
20241205_Fleets Branch,do_mgl,1,11.85,,
20241205_Fleets Branch,do_mgl,2,11.77,,
20241205_Fleets Branch,turbidity,1,1.32,,
20241205_Fleets Branch,turbidity,2,1.34,,
20241205_Fleets Branch,total_Ecoli,1,2,,
20241205_Fleets Branch,total_Ecoli,2,6,,
20241205_Fleets Branch,total_coliform,1,4,,
20241205_Fleets Branch,total_coliform,2,11,,
20241205_Fleets Branch,R-card total_Ecoli,1,,,
20241205_Fleets Branch,R-card total_coliform,2,,,